"","GEOID","NAME","WHITE_ALONE","B03002_003M","TOTAL_POPN","B01003_001M","NATIVE_BORN","B05012_002M","FOREIGN_BORN","B05012_003M","TOTAL_CHILD","B09001_001M","RENT_AGG","B25062_001M"
"1","36047029500","Census Tract 295, Kings County, New York",726,152,4266,449,3499,347,767,247,657,259,116500,87891
"2","36047030700","Census Tract 307, Kings County, New York",168,114,5544,670,3883,691,1661,405,1649,405,66900,85734
"3","36047030900","Census Tract 309, Kings County, New York",32,33,2126,263,1359,246,767,163,610,152,NA,NA
"4","36047031702","Census Tract 317.02, Kings County, New York",1035,209,3589,397,2642,333,947,236,618,250,211100,124497
"5","36047032700","Census Tract 327, Kings County, New York",480,166,2465,350,1530,313,935,191,310,134,65600,59591
"6","36047033600","Census Tract 336, Kings County, New York",3573,422,4479,529,2424,417,2055,304,841,218,86500,81115
"7","36047034000","Census Tract 340, Kings County, New York",799,145,2210,246,1437,262,773,148,287,73,22900,22342
"8","36047034300","Census Tract 343, Kings County, New York",381,151,5235,450,3987,438,1248,286,1340,243,30000,28251
"9","36047038800","Census Tract 388, Kings County, New York",2678,321,4040,367,2295,331,1745,269,1187,234,NA,NA
"10","36047039500","Census Tract 395, Kings County, New York",980,236,4076,624,2903,591,1173,328,985,423,54000,47751
"11","36047039900","Census Tract 399, Kings County, New York",494,160,3822,477,2993,438,829,281,735,253,90100,96913
"12","36047040200","Census Tract 402, Kings County, New York",1065,182,2857,280,1419,218,1438,235,538,131,23100,21221
"13","36047040900","Census Tract 409, Kings County, New York",411,101,3534,477,2279,440,1255,348,847,276,154900,95728
"14","36047041600","Census Tract 416, Kings County, New York",1836,275,2304,257,1468,296,836,152,702,176,NA,NA
"15","36047040000","Census Tract 400, Kings County, New York",1358,279,3325,335,1587,262,1738,245,721,180,NA,NA
"16","36047042300","Census Tract 423, Kings County, New York",1113,265,4222,449,2643,385,1579,353,673,194,NA,NA
"17","36047042400","Census Tract 424, Kings County, New York",1829,412,3641,464,1425,342,2216,271,836,292,NA,NA
"18","36047044200","Census Tract 442, Kings County, New York",2600,409,2950,374,2158,404,792,153,1073,292,NA,NA
"19","36047045200","Census Tract 452, Kings County, New York",2526,299,2658,303,2177,322,481,123,938,236,NA,NA
"20","36047046202","Census Tract 462.02, Kings County, New York",1811,292,2041,316,1724,295,317,100,711,203,NA,NA
"21","36047047800","Census Tract 478, Kings County, New York",3276,542,4538,701,3110,598,1428,426,1728,536,NA,NA
"22","36047048000","Census Tract 480, Kings County, New York",2202,523,3883,513,2351,483,1532,393,1172,389,49300,49506
"23","36047048100","Census Tract 481, Kings County, New York",1714,270,3066,264,2107,281,959,218,272,74,NA,NA
"24","36047050600","Census Tract 506, Kings County, New York",1011,217,5653,531,3090,361,2563,479,1397,271,NA,NA
"25","36047051700","Census Tract 517, Kings County, New York",1905,245,2529,216,1722,223,807,146,244,76,NA,NA
"26","36047051800","Census Tract 518, Kings County, New York",924,192,3188,397,1676,248,1512,344,452,166,NA,NA
"27","36047052000","Census Tract 520, Kings County, New York",1419,317,4297,445,2477,359,1820,270,1117,293,111700,104119
"28","36047053200","Census Tract 532, Kings County, New York",1671,194,2740,205,1857,231,883,158,677,117,NA,NA
"29","36047054600","Census Tract 546, Kings County, New York",3657,421,4730,350,2301,392,2429,354,1230,220,NA,NA
"30","36047014200","Census Tract 142, Kings County, New York",1806,306,2755,318,1824,270,931,222,452,187,178500,112271
"31","36047043700","Census Tract 437, Kings County, New York",1069,309,5795,480,3327,494,2468,539,1153,388,112000,112508
"32","36047043900","Census Tract 439, Kings County, New York",340,164,3706,431,2256,365,1450,368,713,173,64000,61438
"33","36047044100","Census Tract 441, Kings County, New York",788,223,5094,624,3047,543,2047,375,734,241,127000,96118
"34","36047044400","Census Tract 444, Kings County, New York",2657,445,3310,441,2537,405,773,211,1036,281,NA,NA
"35","36047045400","Census Tract 454, Kings County, New York",1299,241,1645,239,1159,234,486,207,466,155,NA,NA
"36","36047046201","Census Tract 462.01, Kings County, New York",1989,385,2399,364,1326,403,1073,236,551,280,NA,NA
"37","36047046400","Census Tract 464, Kings County, New York",2475,402,2768,394,2316,412,452,102,1364,273,NA,NA
"38","36047050000","Census Tract 500, Kings County, New York",2300,248,3918,350,2919,326,999,179,1079,243,NA,NA
"39","36047077200","Census Tract 772, Kings County, New York",1103,283,2896,305,1762,385,1134,323,554,154,NA,NA
"40","36047075600","Census Tract 756, Kings County, New York",1619,161,1996,174,1531,176,465,146,565,83,38200,37576
"41","36047072200","Census Tract 722, Kings County, New York",69,47,3014,362,1540,315,1474,195,630,287,NA,NA
"42","36047073400","Census Tract 734, Kings County, New York",67,51,2021,289,1231,256,790,140,448,158,NA,NA
"43","36047074400","Census Tract 744, Kings County, New York",2270,308,2704,278,2241,330,463,257,993,226,NA,NA
"44","36047078600","Census Tract 786, Kings County, New York",374,171,4910,495,2340,391,2570,338,1204,291,40300,38185
"45","36047082400","Census Tract 824, Kings County, New York",127,99,4470,434,2170,428,2300,288,1116,258,135900,93626
"46","36047083800","Census Tract 838, Kings County, New York",27,41,2208,198,1090,223,1118,137,321,91,NA,NA
"47","36047065000","Census Tract 650, Kings County, New York",382,98,1576,268,879,162,697,216,311,154,NA,NA
"48","36047058800","Census Tract 588, Kings County, New York",2225,329,3411,381,1305,269,2106,264,625,173,NA,NA
"49","36047059300","Census Tract 593, Kings County, New York",1608,185,2194,219,1612,185,582,138,292,75,NA,NA
"50","36047064000","Census Tract 640, Kings County, New York",1318,186,1794,240,1520,211,274,103,515,121,NA,NA
"51","36047068800","Census Tract 688, Kings County, New York",449,99,1647,184,1062,181,585,131,315,130,NA,NA
"52","36047075200","Census Tract 752, Kings County, New York",1034,139,1047,134,915,145,132,45,268,61,NA,NA
"53","36047076400","Census Tract 764, Kings County, New York",1067,251,3815,417,2171,321,1644,329,849,181,NA,NA
"54","36047077400","Census Tract 774, Kings County, New York",572,258,3620,503,2054,434,1566,277,1040,354,NA,NA
"55","36047078200","Census Tract 782, Kings County, New York",49,64,5030,480,2526,489,2504,409,1206,294,75400,59556
"56","36047079000","Census Tract 790, Kings County, New York",109,84,5257,649,2686,515,2571,392,1551,317,128300,65234
"57","36047079200","Census Tract 792, Kings County, New York",364,283,3338,525,1789,426,1549,369,770,299,76400,56636
"58","36047079400","Census Tract 794, Kings County, New York",145,131,1669,225,571,168,1098,187,344,83,133100,77825
"59","36047083600","Census Tract 836, Kings County, New York",10,15,2202,231,1065,223,1137,140,504,103,NA,NA
"60","36047085800","Census Tract 858, Kings County, New York",6,8,2317,227,1060,203,1257,156,434,135,NA,NA
"61","36047086200","Census Tract 862, Kings County, New York",147,184,2753,405,1155,278,1598,343,657,207,NA,NA
"62","36047088000","Census Tract 880, Kings County, New York",84,130,2790,369,1656,310,1134,191,675,189,NA,NA
"63","36047093800","Census Tract 938, Kings County, New York",13,16,2390,284,1060,255,1330,184,419,143,NA,NA
"64","36047089800","Census Tract 898, Kings County, New York",27,21,1614,220,995,217,619,139,352,109,60400,40304
"65","36047091800","Census Tract 918, Kings County, New York",0,12,2201,254,1499,207,702,177,435,103,57000,47655
"66","36047092000","Census Tract 920, Kings County, New York",10,15,2677,382,1872,360,805,241,630,249,86300,78534
"67","36047098200","Census Tract 982, Kings County, New York",0,12,4431,299,3945,345,486,176,1472,265,NA,NA
"68","36047094401","Census Tract 944.01, Kings County, New York",87,122,3761,402,1524,293,2237,290,476,154,NA,NA
"69","36047096600","Census Tract 966, Kings County, New York",117,57,2680,338,1413,219,1267,238,626,175,NA,NA
"70","36047100800","Census Tract 1008, Kings County, New York",181,119,2149,248,1144,180,1005,178,532,137,NA,NA
"71","36047116400","Census Tract 1164, Kings County, New York",0,12,3495,375,2409,410,1086,241,1047,243,37700,38602
"72","36047116800","Census Tract 1168, Kings County, New York",29,30,2012,279,1184,244,828,177,691,154,47300,51744
"73","36047118202","Census Tract 1182.02, Kings County, New York",65,48,3152,368,1655,305,1497,273,868,267,77600,47398
"74","36047119000","Census Tract 1190, Kings County, New York",44,53,2526,253,1466,246,1060,148,813,208,NA,NA
"75","36047119600","Census Tract 1196, Kings County, New York",128,118,4867,524,2519,425,2348,391,1227,288,78600,64082
"76","36047120200","Census Tract 1202, Kings County, New York",40,39,1971,293,853,226,1118,197,473,136,NA,NA
"77","36047039700","Census Tract 397, Kings County, New York",641,206,3417,483,2340,386,1077,286,712,259,60800,53580
"78","36047039800","Census Tract 398, Kings County, New York",1008,205,2737,260,1315,236,1422,205,621,162,NA,NA
"79","36047040500","Census Tract 405, Kings County, New York",148,64,1670,249,1269,248,401,217,314,146,76300,82179
"80","36047040700","Census Tract 407, Kings County, New York",0,12,0,12,0,12,0,12,0,12,NA,NA
"81","36047041000","Census Tract 410, Kings County, New York",1384,217,2096,230,1400,203,696,171,603,149,NA,NA
"82","36047042600","Census Tract 426, Kings County, New York",1563,289,4282,423,1481,351,2801,308,780,265,NA,NA
"83","36047016900","Census Tract 169, Kings County, New York",3749,531,5003,481,4126,512,877,272,992,228,NA,NA
"84","36047036400","Census Tract 364, Kings County, New York",1550,244,2377,294,643,170,1734,229,471,129,NA,NA
"85","36047037300","Census Tract 373, Kings County, New York",602,239,4201,478,3631,536,570,167,887,320,NA,NA
"86","36047008000","Census Tract 80, Kings County, New York",686,215,3746,588,2174,401,1572,354,742,268,NA,NA
"87","36047008800","Census Tract 88, Kings County, New York",1033,246,2636,328,1656,289,980,236,391,166,NA,NA
"88","36047009200","Census Tract 92, Kings County, New York",510,128,5668,472,2604,370,3064,383,1553,263,NA,NA
"89","36047009800","Census Tract 98, Kings County, New York",380,127,7012,732,3184,502,3828,497,2115,399,102400,81622
"90","36047010100","Census Tract 101, Kings County, New York",901,196,4057,321,2307,275,1750,317,903,146,NA,NA
"91","36047012801","Census Tract 128.01, Kings County, New York",653,187,2279,234,866,146,1413,218,433,113,NA,NA
"92","36047013100","Census Tract 131, Kings County, New York",2490,337,4226,411,3561,420,665,184,805,228,NA,NA
"93","36047013500","Census Tract 135, Kings County, New York",2861,383,3920,335,3210,307,710,165,1154,204,140900,131854
"94","36047014000","Census Tract 140, Kings County, New York",1345,212,1979,236,1300,245,679,141,389,148,NA,NA
"95","36047014100","Census Tract 141, Kings County, New York",1643,221,3033,335,2225,334,808,260,584,121,NA,NA
"96","36047017700","Census Tract 177, Kings County, New York",0,12,0,12,0,12,0,12,0,12,NA,NA
"97","36047018100","Census Tract 181, Kings County, New York",1997,335,3875,484,3025,412,850,304,632,217,NA,NA
"98","36047018600","Census Tract 186, Kings County, New York",1112,154,2249,279,1184,175,1065,195,528,142,NA,NA
"99","36047019300","Census Tract 193, Kings County, New York",1932,303,6010,600,4895,590,1115,257,1034,311,NA,NA
"100","36047035400","Census Tract 354, Kings County, New York",5015,470,5503,464,2624,476,2879,431,740,277,NA,NA
"101","36047087401","Census Tract 874.01, Kings County, New York",178,91,3717,499,2067,579,1650,297,1104,434,NA,NA
"102","36047088400","Census Tract 884, Kings County, New York",88,56,4657,543,2415,380,2242,356,1102,282,90800,74908
"103","36047089600","Census Tract 896, Kings County, New York",32,27,3175,366,1600,334,1575,295,512,172,128100,79925
"104","36047090800","Census Tract 908, Kings County, New York",105,53,6939,2017,5980,1936,959,302,1688,1218,48700,51846
"105","36047093400","Census Tract 934, Kings County, New York",31,47,2330,212,1078,201,1252,195,298,120,46300,36876
"106","36047095400","Census Tract 954, Kings County, New York",33,32,4230,464,2301,392,1929,305,844,253,NA,NA
"107","36047096800","Census Tract 968, Kings County, New York",66,43,1567,339,974,250,593,156,406,184,NA,NA
"108","36047097000","Census Tract 970, Kings County, New York",100,59,2784,549,1425,373,1359,323,647,225,NA,NA
"109","36047099400","Census Tract 994, Kings County, New York",127,116,1850,224,895,157,955,194,360,117,NA,NA
"110","36047100400","Census Tract 1004, Kings County, New York",123,53,2645,246,1386,221,1259,136,675,142,NA,NA
"111","36047020100","Census Tract 201, Kings County, New York",1926,324,3808,393,3166,386,642,170,579,142,197700,158602
"112","36047118000","Census Tract 1180, Kings County, New York",0,12,0,12,0,12,0,12,0,12,NA,NA
"113","36047121000","Census Tract 1210, Kings County, New York",0,12,4110,473,3504,483,606,260,1192,284,NA,NA
"114","36047019700","Census Tract 197, Kings County, New York",1880,225,3615,314,2932,321,683,179,558,158,NA,NA
"115","36047021500","Census Tract 215, Kings County, New York",1916,315,5544,540,3806,527,1738,507,1040,258,232500,174842
"116","36047027200","Census Tract 272, Kings County, New York",1511,375,3738,426,1665,437,2073,319,961,233,93000,86526
"117","36047035500","Census Tract 355, Kings County, New York",930,240,5374,537,3185,417,2189,491,1436,313,95600,73754
"118","36047036502","Census Tract 365.02, Kings County, New York",50,42,1288,234,989,177,299,121,365,88,53600,40538
"119","36047039300","Census Tract 393, Kings County, New York",808,190,3790,485,2824,464,966,207,667,196,NA,NA
"120","36047117400","Census Tract 1174, Kings County, New York",24,24,4465,489,2545,438,1920,296,1126,256,42300,53184
"121","36047117602","Census Tract 1176.02, Kings County, New York",143,77,3000,359,1795,300,1205,264,879,254,48200,37712
"122","36047122000","Census Tract 1220, Kings County, New York",55,83,5495,482,3280,465,2215,451,1468,263,137300,133303
"123","36047031300","Census Tract 313, Kings County, New York",770,275,4675,564,3146,512,1529,331,603,260,NA,NA
"124","36047101400","Census Tract 1014, Kings County, New York",77,51,2263,227,1134,197,1129,168,469,121,NA,NA
"125","36047111800","Census Tract 1118, Kings County, New York",182,206,3336,553,2074,482,1262,316,915,244,99300,81465
"126","36047115800","Census Tract 1158, Kings County, New York",50,34,2838,300,1566,244,1272,224,675,199,66200,50920
"127","36047040300","Census Tract 403, Kings County, New York",427,144,3687,446,2588,468,1099,309,570,238,149000,97740
"128","36047042800","Census Tract 428, Kings County, New York",2245,299,3879,393,1385,279,2494,293,725,169,NA,NA
"129","36047047000","Census Tract 470, Kings County, New York",2479,334,2708,334,2318,342,390,107,1239,233,NA,NA
"130","36047019800","Census Tract 198, Kings County, New York",765,169,1791,277,1104,147,687,229,392,120,NA,NA
"131","36047029700","Census Tract 297, Kings County, New York",496,172,4373,514,4061,504,312,117,740,191,152700,125607
"132","36047033500","Census Tract 335, Kings County, New York",2129,372,3089,413,2186,346,903,228,904,285,49900,40107
"133","36047039100","Census Tract 391, Kings County, New York",576,158,2782,411,1891,285,891,284,525,242,NA,NA
"134","36047086800","Census Tract 868, Kings County, New York",77,120,3325,469,1528,367,1797,290,783,245,NA,NA
"135","36047091600","Census Tract 916, Kings County, New York",26,36,3787,437,2926,361,861,299,987,269,55800,60594
"136","36047101200","Census Tract 1012, Kings County, New York",80,44,2235,212,1049,189,1186,153,444,121,NA,NA
"137","36047007200","Census Tract 72, Kings County, New York",184,81,1890,212,1035,214,855,214,516,106,NA,NA
"138","36047010000","Census Tract 100, Kings County, New York",502,237,6178,602,2452,439,3726,395,1668,316,129600,119190
"139","36047013800","Census Tract 138, Kings County, New York",1861,304,3083,446,1697,284,1386,282,532,169,172700,134787
"140","36047028300","Census Tract 283, Kings County, New York",574,130,3988,570,3121,463,867,327,888,314,43500,38876
"141","36047036900","Census Tract 369, Kings County, New York",437,185,5907,613,4278,534,1629,415,1739,426,71700,50794
"142","36047100600","Census Tract 1006, Kings County, New York",164,128,2500,271,1377,230,1123,156,600,166,NA,NA
"143","36047116000","Census Tract 1160, Kings County, New York",0,12,2235,342,1698,335,537,142,470,169,NA,NA
"144","36047119200","Census Tract 1192, Kings County, New York",19,30,2913,462,1695,356,1218,354,642,266,200200,93769
"145","36047019600","Census Tract 196, Kings County, New York",1730,350,3822,402,1927,302,1895,314,784,169,88400,79942
"146","36047023400","Census Tract 234, Kings County, New York",4380,695,4578,664,3794,664,784,196,2222,542,53800,48317
"147","36047026500","Census Tract 265, Kings County, New York",897,249,3991,486,3300,453,691,183,744,283,NA,NA
"148","36047040600","Census Tract 406, Kings County, New York",1125,235,3816,382,1792,260,2024,290,830,213,NA,NA
"149","36047047600","Census Tract 476, Kings County, New York",3279,664,3800,671,3035,618,765,406,1534,470,NA,NA
"150","36047054200","Census Tract 542, Kings County, New York",3611,518,4480,551,2686,440,1794,259,1352,301,NA,NA
"151","36047021900","Census Tract 219, Kings County, New York",884,168,3568,342,2040,324,1528,253,351,108,240300,143849
"152","36047040100","Census Tract 401, Kings County, New York",524,190,3169,461,2278,376,891,232,557,216,111700,112948
"153","36047025300","Census Tract 253, Kings County, New York",1112,376,3383,597,2860,565,523,181,714,345,122000,79434
"154","36047116200","Census Tract 1162, Kings County, New York",8,11,2299,361,1609,387,690,176,529,232,NA,NA
"155","36047116600","Census Tract 1166, Kings County, New York",106,115,2904,340,1741,243,1163,298,868,203,63900,52591
"156","36047033100","Census Tract 331, Kings County, New York",2412,417,4064,400,2401,388,1663,290,769,256,NA,NA
"157","36047035700","Census Tract 357, Kings County, New York",87,71,2440,209,1626,213,814,163,674,126,NA,NA
"158","36047117000","Census Tract 1170, Kings County, New York",0,12,1860,309,979,178,881,251,582,140,NA,NA
"159","36047117201","Census Tract 1172.01, Kings County, New York",55,35,2662,326,1596,247,1066,194,737,234,58100,52047
"160","36047090000","Census Tract 900, Kings County, New York",8,13,4269,474,3074,476,1195,267,960,228,18400,23255
"161","36047099600","Census Tract 996, Kings County, New York",207,121,3715,467,1857,405,1858,272,798,238,NA,NA
"162","36047000501","Census Tract 5.01, Kings County, New York",3127,340,4419,319,3407,359,1012,212,416,97,NA,NA
"163","36047000502","Census Tract 5.02, Kings County, New York",2065,237,2570,189,2106,230,464,145,302,72,NA,NA
"164","36047001500","Census Tract 15, Kings County, New York",2523,290,8088,557,5763,549,2325,366,1425,325,501600,311807
"165","36047004400","Census Tract 44, Kings County, New York",1964,191,2511,173,2131,193,380,102,483,78,NA,NA
"166","36047005300","Census Tract 53, Kings County, New York",1235,177,2245,209,1906,182,339,98,490,111,NA,NA
"167","36047016600","Census Tract 166, Kings County, New York",1534,178,1863,171,1501,172,362,95,350,68,NA,NA
"168","36047011900","Census Tract 119, Kings County, New York",851,138,1377,170,1164,141,213,81,159,71,42800,42173
"169","36047012600","Census Tract 126, Kings County, New York",787,231,2856,279,1434,219,1422,200,596,137,60100,52671
"170","36047015200","Census Tract 152, Kings County, New York",1365,253,2382,275,1554,246,828,157,460,111,56600,42388
"171","36047021100","Census Tract 211, Kings County, New York",435,94,1893,194,1553,174,340,102,431,98,50300,48538
"172","36047027100","Census Tract 271, Kings County, New York",247,114,2775,381,2077,335,698,222,723,196,75500,80668
"173","36047030500","Census Tract 305, Kings County, New York",2606,397,6350,456,5040,406,1310,339,588,213,209700,163899
"174","36047034800","Census Tract 348, Kings County, New York",840,233,2819,428,1259,321,1560,233,854,218,NA,NA
"175","36047035601","Census Tract 356.01, Kings County, New York",2710,447,3035,286,1132,262,1903,359,202,94,NA,NA
"176","36047035602","Census Tract 356.02, Kings County, New York",4894,319,5219,360,1662,353,3557,421,557,89,NA,NA
"177","36047037401","Census Tract 374.01, Kings County, New York",2984,334,4238,398,2116,354,2122,228,872,201,NA,NA
"178","36047037402","Census Tract 374.02, Kings County, New York",2783,536,5098,846,2502,782,2596,453,1023,418,NA,NA
"179","36047015900","Census Tract 159, Kings County, New York",4181,519,5314,520,4497,509,817,232,949,211,261100,271284
"180","36047016700","Census Tract 167, Kings County, New York",4402,592,5531,524,4768,474,763,241,1375,303,NA,NA
"181","36047003100","Census Tract 31, Kings County, New York",1193,234,3033,345,2304,341,729,177,271,67,NA,NA
"182","36047004300","Census Tract 43, Kings County, New York",2178,224,3496,268,2928,246,568,149,543,86,64300,79212
"183","36047005100","Census Tract 51, Kings County, New York",1691,282,2791,331,2224,253,567,194,725,141,NA,NA
"184","36047006900","Census Tract 69, Kings County, New York",2757,257,3575,278,3131,255,444,121,530,119,NA,NA
"185","36047044800","Census Tract 448, Kings County, New York",1486,279,1965,353,1364,249,601,212,554,148,NA,NA
"186","36047045000","Census Tract 450, Kings County, New York",504,174,537,173,445,138,92,58,216,85,NA,NA
"187","36047045800","Census Tract 458, Kings County, New York",1284,214,1508,209,1038,184,470,133,380,117,NA,NA
"188","36047044000","Census Tract 440, Kings County, New York",2323,317,2862,332,1962,306,900,164,935,207,50600,48464
"189","36047042100","Census Tract 421, Kings County, New York",781,272,4226,670,2962,526,1264,379,929,342,NA,NA
"190","36047042500","Census Tract 425, Kings County, New York",959,179,3104,324,2432,329,672,170,691,177,NA,NA
"191","36047043200","Census Tract 432, Kings County, New York",1525,293,4323,405,1668,322,2655,298,852,166,NA,NA
"192","36047044700","Census Tract 447, Kings County, New York",604,140,2378,397,1893,325,485,152,473,182,NA,NA
"193","36047045600","Census Tract 456, Kings County, New York",1555,298,2376,298,1277,276,1099,195,804,209,NA,NA
"194","36047092200","Census Tract 922, Kings County, New York",54,62,2515,359,1761,281,754,239,453,216,NA,NA
"195","36047094402","Census Tract 944.02, Kings County, New York",18,18,3122,290,2602,305,520,166,957,218,NA,NA
"196","36047096400","Census Tract 964, Kings County, New York",65,42,1769,253,783,197,986,261,281,107,55100,46553
"197","36047101600","Census Tract 1016, Kings County, New York",58,49,1802,231,838,177,964,178,390,138,NA,NA
"198","36047101800","Census Tract 1018, Kings County, New York",75,56,2345,330,1443,281,902,177,362,163,NA,NA
"199","36047102000","Census Tract 1020, Kings County, New York",211,229,2325,344,1257,255,1068,229,654,212,NA,NA
"200","36047107800","Census Tract 1078, Kings County, New York",101,63,4154,507,2496,404,1658,303,597,232,103600,79372
"201","36047110600","Census Tract 1106, Kings County, New York",0,12,3993,400,3431,435,562,266,1033,262,25500,24625
"202","36047038200","Census Tract 382, Kings County, New York",151,94,6188,716,4850,793,1338,287,1644,344,NA,NA
"203","36047038900","Census Tract 389, Kings County, New York",818,263,2994,385,1840,325,1154,232,538,178,NA,NA
"204","36047043400","Census Tract 434, Kings County, New York",1705,315,3389,419,1299,262,2090,299,795,225,NA,NA
"205","36047043500","Census Tract 435, Kings County, New York",622,165,4912,497,3189,443,1723,338,1112,264,NA,NA
"206","36047031100","Census Tract 311, Kings County, New York",191,104,2998,376,2108,344,890,197,466,202,131800,95830
"207","36047031400","Census Tract 314, Kings County, New York",3481,446,5138,495,2721,463,2417,366,827,274,NA,NA
"208","36047034100","Census Tract 341, Kings County, New York",354,162,2937,355,2124,358,813,237,428,152,42100,29623
"209","36047118201","Census Tract 1182.01, Kings County, New York",142,125,2859,310,1828,314,1031,230,727,212,NA,NA
"210","36047035300","Census Tract 353, Kings County, New York",942,364,5091,519,3155,422,1936,357,892,223,185600,138027
"211","36047064600","Census Tract 646, Kings County, New York",1872,214,2297,210,1903,229,394,120,790,121,NA,NA
"212","36047065400","Census Tract 654, Kings County, New York",1138,157,1486,181,1216,175,270,106,265,70,NA,NA
"213","36047095600","Census Tract 956, Kings County, New York",446,305,4539,602,2178,460,2361,391,1120,383,NA,NA
"214","36047096000","Census Tract 960, Kings County, New York",0,12,0,12,0,12,0,12,0,12,NA,NA
"215","36047098600","Census Tract 986, Kings County, New York",66,57,2961,299,1542,277,1419,206,573,212,39900,36857
"216","36047102600","Census Tract 1026, Kings County, New York",77,47,2868,316,1509,221,1359,196,598,149,NA,NA
"217","36047103400","Census Tract 1034, Kings County, New York",92,53,4145,623,3901,635,244,142,1303,392,NA,NA
"218","36047107000","Census Tract 1070, Kings County, New York",40,32,1968,180,1447,203,521,128,455,117,NA,NA
"219","36047114201","Census Tract 1142.01, Kings County, New York",44,30,1700,301,1057,183,643,215,507,195,NA,NA
"220","36047004100","Census Tract 41, Kings County, New York",2384,408,3642,470,3164,457,478,170,683,175,348500,242031
"221","36047005201","Census Tract 52.01, Kings County, New York",1199,196,1666,157,1091,186,575,125,150,29,NA,NA
"222","36047005601","Census Tract 56.01, Kings County, New York",1881,215,2462,244,1822,227,640,132,296,82,NA,NA
"223","36047005602","Census Tract 56.02, Kings County, New York",1153,158,1606,154,1189,150,417,127,247,78,78000,55473
"224","36047005800","Census Tract 58, Kings County, New York",1790,266,3092,323,1949,256,1143,265,565,151,163200,116259
"225","36047005900","Census Tract 59, Kings County, New York",701,130,1253,172,1148,163,105,49,154,56,97800,79229
"226","36047006400","Census Tract 64, Kings County, New York",2281,380,3062,322,2179,285,883,208,487,114,211800,144642
"227","36047009400","Census Tract 94, Kings County, New York",670,179,5253,500,1986,306,3267,405,1389,315,NA,NA
"228","36047010400","Census Tract 104, Kings County, New York",404,129,5362,532,1494,273,3868,408,1146,243,NA,NA
"229","36047013000","Census Tract 130, Kings County, New York",2248,470,5028,630,3316,480,1712,359,1306,313,177500,115520
"230","36047013200","Census Tract 132, Kings County, New York",632,150,2200,288,1071,205,1129,218,618,147,NA,NA
"231","36047020600","Census Tract 206, Kings County, New York",1399,181,2417,227,1433,201,984,180,444,95,73600,66364
"232","36047021000","Census Tract 210, Kings County, New York",1149,263,4153,435,1659,278,2494,324,994,198,NA,NA
"233","36047022200","Census Tract 222, Kings County, New York",3662,601,3943,564,3196,599,747,185,1727,386,NA,NA
"234","36047022700","Census Tract 227, Kings County, New York",1195,235,3654,381,3040,358,614,170,594,163,150500,120576
"235","36047023000","Census Tract 230, Kings County, New York",3373,582,4171,604,3393,593,778,215,2057,440,NA,NA
"236","36047024800","Census Tract 248, Kings County, New York",880,188,2749,311,1297,218,1452,271,733,139,45200,38717
"237","36047025200","Census Tract 252, Kings County, New York",1895,270,4921,463,2107,247,2814,410,945,213,1e+05,79235
"238","36047025700","Census Tract 257, Kings County, New York",502,138,2136,302,1500,250,636,150,436,144,NA,NA
"239","36047026200","Census Tract 262, Kings County, New York",718,135,2550,287,1264,207,1286,195,600,118,NA,NA
"240","36047026700","Census Tract 267, Kings County, New York",1079,271,4095,491,3218,417,877,186,621,231,146900,90259
"241","36047051100","Census Tract 511, Kings County, New York",1505,207,4262,333,2949,310,1313,267,463,136,NA,NA
"242","36047051500","Census Tract 515, Kings County, New York",1421,194,2289,173,1817,181,472,116,372,113,NA,NA
"243","36047052700","Census Tract 527, Kings County, New York",1555,543,6465,690,4729,622,1736,464,1259,327,83800,81934
"244","36047052900","Census Tract 529, Kings County, New York",3469,496,3721,518,3021,501,700,245,1551,368,98600,81961
"245","36047054700","Census Tract 547, Kings County, New York",4128,604,5444,570,4345,575,1099,263,2093,331,NA,NA
"246","36047055600","Census Tract 556, Kings County, New York",2763,372,3678,461,2014,449,1664,217,1049,327,NA,NA
"247","36047056400","Census Tract 564, Kings County, New York",1907,178,2519,204,1496,182,1023,167,537,100,NA,NA
"248","36047057000","Census Tract 570, Kings County, New York",2049,235,3494,316,2099,247,1395,209,479,112,NA,NA
"249","36047057900","Census Tract 579, Kings County, New York",550,95,1117,216,761,156,356,102,120,35,50500,35692
"250","36047058400","Census Tract 584, Kings County, New York",2247,389,3415,389,1371,289,2044,302,577,262,NA,NA
"251","36047058600","Census Tract 586, Kings County, New York",645,233,2901,326,1182,222,1719,212,653,169,NA,NA
"252","36047000200","Census Tract 2, Kings County, New York",82,54,1243,285,749,180,494,175,308,134,NA,NA
"253","36047000700","Census Tract 7, Kings County, New York",3067,368,4010,365,3436,351,574,128,950,165,220800,171020
"254","36047064200","Census Tract 642, Kings County, New York",1686,268,2276,257,1142,223,1134,189,548,127,43900,48699
"255","36047068000","Census Tract 680, Kings County, New York",168,72,2293,224,1025,249,1268,216,529,170,NA,NA
"256","36047072400","Census Tract 724, Kings County, New York",48,37,1841,195,919,161,922,118,282,100,NA,NA
"257","36047072800","Census Tract 728, Kings County, New York",133,72,3811,446,1885,376,1926,372,866,215,NA,NA
"258","36047075000","Census Tract 750, Kings County, New York",2120,293,2711,279,2014,249,697,199,837,162,NA,NA
"259","36047076000","Census Tract 760, Kings County, New York",2727,379,3108,324,2087,420,1021,247,1110,218,NA,NA
"260","36047081600","Census Tract 816, Kings County, New York",149,88,2573,276,1037,205,1536,221,679,186,59700,29989
"261","36047082800","Census Tract 828, Kings County, New York",241,172,4013,441,2219,407,1794,320,974,265,216800,108991
"262","36047083200","Census Tract 832, Kings County, New York",0,12,2089,218,995,187,1094,153,431,119,NA,NA
"263","36047085000","Census Tract 850, Kings County, New York",9,14,1525,249,788,219,737,129,368,174,NA,NA
"264","36047037100","Census Tract 371, Kings County, New York",323,281,4570,526,3150,467,1420,278,1344,330,NA,NA
"265","36047037900","Census Tract 379, Kings County, New York",420,179,3878,352,2994,380,884,243,906,202,41800,37304
"266","36047041200","Census Tract 412, Kings County, New York",1748,283,3168,430,1535,305,1633,289,581,237,NA,NA
"267","36047041300","Census Tract 413, Kings County, New York",474,196,3965,467,2797,444,1168,302,1144,252,NA,NA
"268","36047041402","Census Tract 414.02, Kings County, New York",1600,238,1763,247,881,211,882,152,414,177,NA,NA
"269","36047041700","Census Tract 417, Kings County, New York",300,147,3101,349,2283,356,818,196,631,181,70500,72991
"270","36047042200","Census Tract 422, Kings County, New York",2133,390,3586,410,1928,365,1658,394,1037,188,75700,71412
"271","36047042700","Census Tract 427, Kings County, New York",1298,229,5064,456,3619,442,1445,329,1138,264,228100,170062
"272","36047043600","Census Tract 436, Kings County, New York",2609,447,4678,570,2087,410,2591,451,947,266,105400,101117
"273","36047044300","Census Tract 443, Kings County, New York",1139,212,5014,451,2917,294,2097,381,1065,277,NA,NA
"274","36047044600","Census Tract 446, Kings County, New York",956,218,2171,300,1019,198,1152,234,545,181,NA,NA
"275","36047060800","Census Tract 608, Kings County, New York",2440,362,3424,353,1232,247,2192,314,680,172,NA,NA
"276","36047005400","Census Tract 54, Kings County, New York",2333,251,3177,299,2212,254,965,189,381,113,102100,85124
"277","36047006200","Census Tract 62, Kings County, New York",1734,350,2700,386,1722,330,978,204,640,207,157100,133551
"278","36047024300","Census Tract 243, Kings County, New York",1371,235,4165,451,2931,340,1234,340,668,290,116100,77152
"279","36047006500","Census Tract 65, Kings County, New York",4926,505,5842,458,4958,480,884,277,1277,243,NA,NA
"280","36047001100","Census Tract 11, Kings County, New York",888,123,1359,102,977,102,382,97,122,45,148200,117346
"281","36047003500","Census Tract 35, Kings County, New York",812,132,1892,174,1502,192,390,116,257,57,NA,NA
"282","36047025902","Census Tract 259.02, Kings County, New York",0,12,3558,291,2669,367,889,257,1304,225,NA,NA
"283","36047027000","Census Tract 270, Kings County, New York",1196,220,2158,248,998,197,1160,174,378,105,NA,NA
"284","36047027300","Census Tract 273, Kings County, New York",307,117,3317,497,2553,455,764,206,639,294,63900,71060
"285","36047063200","Census Tract 632, Kings County, New York",1322,165,1604,245,1268,190,336,106,264,86,NA,NA
"286","36047064400","Census Tract 644, Kings County, New York",1954,303,3021,297,2293,266,728,188,1066,233,NA,NA
"287","36047065800","Census Tract 658, Kings County, New York",1289,169,1963,229,1293,137,670,217,432,121,NA,NA
"288","36047066000","Census Tract 660, Kings County, New York",1586,193,2231,192,1743,193,488,127,554,106,NA,NA
"289","36047067000","Census Tract 670, Kings County, New York",640,166,2888,270,1621,228,1267,190,638,145,78000,54667
"290","36047069000","Census Tract 690, Kings County, New York",305,111,2146,335,1418,262,728,208,490,134,NA,NA
"291","36047069200","Census Tract 692, Kings County, New York",223,89,2918,253,1671,239,1247,162,782,151,NA,NA
"292","36047112000","Census Tract 1120, Kings County, New York",71,50,3068,386,2036,346,1032,256,699,210,97100,67081
"293","36047027400","Census Tract 274, Kings County, New York",1501,270,3271,391,1591,293,1680,248,687,166,NA,NA
"294","36047027500","Census Tract 275, Kings County, New York",739,196,4439,576,3450,505,989,236,874,270,243800,156390
"295","36047028700","Census Tract 287, Kings County, New York",453,151,3003,343,2333,335,670,227,392,155,NA,NA
"296","36047102400","Census Tract 1024, Kings County, New York",88,57,2307,265,1235,253,1072,144,574,161,NA,NA
"297","36047098800","Census Tract 988, Kings County, New York",169,84,3247,394,1806,350,1441,244,748,218,NA,NA
"298","36047099200","Census Tract 992, Kings County, New York",67,47,2370,306,1142,261,1228,214,622,165,NA,NA
"299","36047101000","Census Tract 1010, Kings County, New York",68,32,2247,266,1183,257,1064,202,474,138,37300,34474
"300","36047112400","Census Tract 1124, Kings County, New York",21,30,3316,475,2001,474,1315,408,820,266,124600,92393
"301","36047112800","Census Tract 1128, Kings County, New York",199,226,4012,681,2214,562,1798,405,890,306,134000,89270
"302","36047023500","Census Tract 235, Kings County, New York",2450,465,4316,516,3512,494,804,216,1583,412,104700,102887
"303","36047024000","Census Tract 240, Kings County, New York",4297,544,4562,542,3582,564,980,252,1675,431,NA,NA
"304","36047024100","Census Tract 241, Kings County, New York",1498,226,2707,359,1939,298,768,324,451,152,72600,70305
"305","36047025000","Census Tract 250, Kings County, New York",287,119,1755,269,605,128,1150,268,257,79,NA,NA
"306","36047025400","Census Tract 254, Kings County, New York",1559,338,4083,430,1777,338,2306,335,961,256,NA,NA
"307","36047025800","Census Tract 258, Kings County, New York",1732,296,4486,488,1945,311,2541,360,1005,279,NA,NA
"308","36047025901","Census Tract 259.01, Kings County, New York",612,79,2228,205,1744,238,484,164,467,90,NA,NA
"309","36047026000","Census Tract 260, Kings County, New York",1145,231,3174,364,1324,287,1850,311,424,160,65300,54247
"310","36047053800","Census Tract 538, Kings County, New York",3594,505,4640,530,2355,471,2285,349,1142,354,NA,NA
"311","36047052500","Census Tract 525, Kings County, New York",1926,593,3451,585,2970,586,481,171,1021,438,NA,NA
"312","36047052600","Census Tract 526, Kings County, New York",1919,236,4658,418,2972,361,1686,337,1048,259,NA,NA
"313","36047053500","Census Tract 535, Kings County, New York",3800,701,4110,706,3565,743,545,185,2129,552,NA,NA
"314","36047054900","Census Tract 549, Kings County, New York",2649,320,3999,317,3135,343,864,187,950,177,148000,139968
"315","36047055200","Census Tract 552, Kings County, New York",2271,369,3296,235,1240,257,2056,331,667,118,NA,NA
"316","36047059100","Census Tract 591, Kings County, New York",3087,368,3979,275,3094,296,885,171,335,87,NA,NA
"317","36047001800","Census Tract 18, Kings County, New York",276,215,1959,1194,1413,1144,546,182,0,12,NA,NA
"318","36047002300","Census Tract 23, Kings County, New York",49,44,4352,571,3337,513,1015,301,1242,407,NA,NA
"319","36047002901","Census Tract 29.01, Kings County, New York",111,84,4533,514,3151,454,1382,393,1149,303,NA,NA
"320","36047003400","Census Tract 34, Kings County, New York",1598,255,3056,292,1884,269,1172,169,542,95,110900,93085
"321","36047003800","Census Tract 38, Kings County, New York",991,163,1436,168,1074,151,362,94,262,69,NA,NA
"322","36047004500","Census Tract 45, Kings County, New York",2790,292,3546,245,2858,265,688,179,698,176,NA,NA
"323","36047005202","Census Tract 52.02, Kings County, New York",1965,218,2299,211,1732,229,567,168,305,82,NA,NA
"324","36047006300","Census Tract 63, Kings County, New York",1573,163,1922,188,1628,165,294,84,325,96,NA,NA
"325","36047006800","Census Tract 68, Kings County, New York",2052,393,4932,627,2721,450,2211,391,1105,393,199600,185745
"326","36047007100","Census Tract 71, Kings County, New York",696,234,4890,456,3939,484,951,229,1047,219,NA,NA
"327","36047007700","Census Tract 77, Kings County, New York",3317,540,5172,644,4108,685,1064,362,1178,345,NA,NA
"328","36047049200","Census Tract 492, Kings County, New York",1563,257,3038,355,1781,277,1257,300,687,174,90300,85369
"329","36047050202","Census Tract 502.02, Kings County, New York",1929,221,2360,213,1996,230,364,119,482,123,NA,NA
"330","36047050300","Census Tract 503, Kings County, New York",1582,198,2591,228,2028,238,563,154,224,93,NA,NA
"331","36047051900","Census Tract 519, Kings County, New York",3561,436,5217,486,3623,428,1594,341,372,113,363400,357976
"332","36047053000","Census Tract 530, Kings County, New York",2339,507,4098,566,2207,515,1891,263,1294,361,NA,NA
"333","36047057200","Census Tract 572, Kings County, New York",907,279,5427,480,3729,533,1698,347,1374,300,NA,NA
"334","36047055500","Census Tract 555, Kings County, New York",4169,406,6877,464,5167,438,1710,282,1075,200,911200,471584
"335","36047055700","Census Tract 557, Kings County, New York",1219,167,1933,213,1366,199,567,135,166,96,126000,113211
"336","36047056900","Census Tract 569, Kings County, New York",1299,148,1580,144,1121,141,459,101,176,57,NA,NA
"337","36047057300","Census Tract 573, Kings County, New York",1786,225,2410,324,1768,273,642,158,236,88,90900,84214
"338","36047057500","Census Tract 575, Kings County, New York",2852,353,3702,367,2524,338,1178,278,312,169,NA,NA
"339","36047113000","Census Tract 1130, Kings County, New York",25,24,3970,774,2184,585,1786,486,961,488,NA,NA
"340","36047113200","Census Tract 1132, Kings County, New York",38,55,1972,311,1092,230,880,192,453,185,37600,34003
"341","36047117202","Census Tract 1172.02, Kings County, New York",142,101,3344,432,1899,359,1445,267,780,200,61300,53058
"342","36047118400","Census Tract 1184, Kings County, New York",148,127,5011,532,2656,482,2355,454,1051,249,157500,99410
"343","36047118600","Census Tract 1186, Kings County, New York",95,63,2727,392,1484,279,1243,245,571,172,48200,36889
"344","36047118800","Census Tract 1188, Kings County, New York",287,211,4408,459,1943,343,2465,450,812,233,NA,NA
"345","36047119400","Census Tract 1194, Kings County, New York",158,206,4466,557,2928,610,1538,370,1771,390,90300,80300
"346","36047120800","Census Tract 1208, Kings County, New York",141,85,9595,965,6370,908,3225,706,2260,483,343600,183904
"347","36047121400","Census Tract 1214, Kings County, New York",30,33,4716,405,3661,404,1055,288,1711,362,NA,NA
"348","36047017200","Census Tract 172, Kings County, New York",1145,233,3282,380,1648,345,1634,292,589,149,56600,63002
"349","36047017500","Census Tract 175, Kings County, New York",0,12,0,12,0,12,0,12,0,12,NA,NA
"350","36047018200","Census Tract 182, Kings County, New York",1165,239,3668,392,1798,250,1870,312,822,185,NA,NA
"351","36047018800","Census Tract 188, Kings County, New York",1429,193,2702,220,1572,201,1130,186,511,126,70200,36779
"352","36047021600","Census Tract 216, Kings County, New York",4063,533,4769,555,3913,641,856,288,2132,395,NA,NA
"353","36047022600","Census Tract 226, Kings County, New York",752,279,2040,333,1003,261,1037,249,647,236,NA,NA
"354","36047023200","Census Tract 232, Kings County, New York",4233,803,5406,799,4791,787,615,201,2454,575,NA,NA
"355","36047023800","Census Tract 238, Kings County, New York",3488,671,3857,752,2945,655,912,316,1448,513,NA,NA
"356","36047054800","Census Tract 548, Kings County, New York",1800,303,2046,272,1286,273,760,123,603,198,NA,NA
"357","36047037500","Census Tract 375, Kings County, New York",559,251,3221,411,2194,380,1027,341,644,241,91600,67979
"358","36047084600","Census Tract 846, Kings County, New York",83,81,1973,187,1059,227,914,141,476,140,NA,NA
"359","36047090200","Census Tract 902, Kings County, New York",53,57,3140,879,1969,693,1171,275,650,294,37100,34888
"360","36047090600","Census Tract 906, Kings County, New York",23,27,3288,423,2436,357,852,358,767,280,42300,34849
"361","36047016000","Census Tract 160, Kings County, New York",1914,392,3965,477,2336,339,1629,328,727,218,233200,120303
"362","36047018000","Census Tract 180, Kings County, New York",1221,298,3352,404,1735,238,1617,317,804,216,NA,NA
"363","36047020300","Census Tract 203, Kings County, New York",690,100,1825,156,1409,171,416,92,326,72,124600,82928
"364","36047020500","Census Tract 205, Kings County, New York",1456,210,2918,228,2400,265,518,141,441,103,181000,184807
"365","36047021400","Census Tract 214, Kings County, New York",1088,256,2252,336,1326,261,926,216,831,216,56200,45311
"366","36047021700","Census Tract 217, Kings County, New York",894,226,3962,342,2494,271,1468,234,851,180,51300,41326
"367","36047024200","Census Tract 242, Kings County, New York",2511,323,2872,326,2212,353,660,137,1168,249,NA,NA
"368","36047024400","Census Tract 244, Kings County, New York",3038,377,3829,365,3144,377,685,126,1634,265,NA,NA
"369","36047026100","Census Tract 261, Kings County, New York",810,281,4781,606,4132,522,649,273,845,287,NA,NA
"370","36047027700","Census Tract 277, Kings County, New York",480,186,4735,463,3993,378,742,253,1100,219,140400,101337
"371","36047028200","Census Tract 282, Kings County, New York",1349,322,3564,537,1478,310,2086,384,832,238,NA,NA
"372","36047028800","Census Tract 288, Kings County, New York",1366,319,3566,504,1267,341,2299,327,761,253,NA,NA
"373","36047029000","Census Tract 290, Kings County, New York",2631,539,4118,498,1845,513,2273,328,932,386,NA,NA
"374","36047030200","Census Tract 302, Kings County, New York",1515,317,4608,351,1848,262,2760,364,908,169,NA,NA
"375","36047030800","Census Tract 308, Kings County, New York",1338,221,1988,273,1073,230,915,153,299,126,NA,NA
"376","36047020000","Census Tract 200, Kings County, New York",1008,203,2427,215,1206,176,1221,173,478,102,NA,NA
"377","36047017600","Census Tract 176, Kings County, New York",1228,209,2563,239,1339,185,1224,158,620,139,NA,NA
"378","36047021800","Census Tract 218, Kings County, New York",2988,544,3449,481,3054,508,395,217,1643,383,NA,NA
"379","36047018501","Census Tract 185.01, Kings County, New York",275,131,4600,452,3752,520,848,309,1086,271,NA,NA
"380","36047020200","Census Tract 202, Kings County, New York",1144,149,1910,215,1283,156,627,146,428,79,NA,NA
"381","36047020800","Census Tract 208, Kings County, New York",904,255,3253,424,1461,253,1792,400,721,168,NA,NA
"382","36047022900","Census Tract 229, Kings County, New York",1413,277,3841,343,3065,389,776,238,629,244,102500,96937
"383","36047023300","Census Tract 233, Kings County, New York",1369,248,5252,478,4123,468,1129,363,1194,226,47100,38877
"384","36047024500","Census Tract 245, Kings County, New York",1138,287,4534,515,3374,463,1160,261,877,209,129900,92816
"385","36047058200","Census Tract 582, Kings County, New York",1435,349,2759,448,1148,329,1611,347,718,246,83600,64887
"386","36047059800","Census Tract 598, Kings County, New York",2413,468,3541,480,1711,374,1830,358,940,334,NA,NA
"387","36047025100","Census Tract 251, Kings County, New York",648,192,3534,450,2829,445,705,188,748,234,61500,50975
"388","36047025500","Census Tract 255, Kings County, New York",196,228,5865,553,4346,557,1519,391,1919,359,NA,NA
"389","36047026400","Census Tract 264, Kings County, New York",1234,243,4776,488,1959,365,2817,390,831,215,81700,65756
"390","36047026900","Census Tract 269, Kings County, New York",378,144,3121,428,2410,362,711,257,592,207,212700,118828
"391","36047028100","Census Tract 281, Kings County, New York",558,129,4649,480,3870,447,779,175,1402,320,NA,NA
"392","36047028400","Census Tract 284, Kings County, New York",1758,340,3553,374,1521,286,2032,296,816,206,44200,45996
"393","36047029300","Census Tract 293, Kings County, New York",287,147,3315,389,2768,313,547,251,665,248,137000,113181
"394","36047030300","Census Tract 303, Kings County, New York",58,49,4795,496,3491,452,1304,257,1359,321,100400,81685
"395","36047031500","Census Tract 315, Kings County, New York",1644,264,4787,511,3353,530,1434,341,289,200,376100,236553
"396","36047007000","Census Tract 70, Kings County, New York",1414,291,2629,277,1557,253,1072,244,518,144,NA,NA
"397","36047010600","Census Tract 106, Kings County, New York",405,194,4426,579,1352,320,3074,478,798,276,NA,NA
"398","36047010800","Census Tract 108, Kings County, New York",370,122,3795,511,1268,264,2527,404,833,227,NA,NA
"399","36047012100","Census Tract 121, Kings County, New York",1042,136,2020,215,1590,171,430,155,298,78,NA,NA
"400","36047012902","Census Tract 129.02, Kings County, New York",1449,254,2390,268,1997,257,393,119,519,130,82900,79709
"401","36047013700","Census Tract 137, Kings County, New York",2123,259,3512,288,2975,310,537,185,745,132,133200,120433
"402","36047014300","Census Tract 143, Kings County, New York",1747,266,3469,342,2735,351,734,223,581,166,126800,111805
"403","36047015100","Census Tract 151, Kings County, New York",2766,236,4216,267,3543,300,673,213,995,187,NA,NA
"404","36047015400","Census Tract 154, Kings County, New York",0,12,0,12,0,12,0,12,0,12,NA,NA
"405","36047015700","Census Tract 157, Kings County, New York",2947,449,4049,460,3212,404,837,246,622,205,NA,NA
"406","36047016500","Census Tract 165, Kings County, New York",4580,596,6003,548,5385,528,618,194,1421,300,NA,NA
"407","36047017800","Census Tract 178, Kings County, New York",695,150,3215,344,1546,243,1669,262,817,193,NA,NA
"408","36047017900","Census Tract 179, Kings County, New York",939,171,4318,348,3250,487,1068,366,852,187,NA,NA
"409","36047019100","Census Tract 191, Kings County, New York",1492,309,2788,291,2317,276,471,118,525,126,NA,NA
"410","36047036200","Census Tract 362, Kings County, New York",1503,304,3290,482,1156,331,2134,333,743,209,48100,41195
"411","36047036600","Census Tract 366, Kings County, New York",2090,301,4695,552,1542,318,3153,364,1095,289,NA,NA
"412","36047035900","Census Tract 359, Kings County, New York",122,96,5410,595,3772,525,1638,428,1424,378,NA,NA
"413","36047036001","Census Tract 360.01, Kings County, New York",2987,237,3152,221,673,142,2479,210,372,78,NA,NA
"414","36047036100","Census Tract 361, Kings County, New York",141,117,2830,356,1774,363,1056,212,652,260,64000,59876
"415","36047036300","Census Tract 363, Kings County, New York",224,154,4716,501,2969,490,1747,410,1395,330,91800,79619
"416","36047050500","Census Tract 505, Kings County, New York",1115,203,3817,340,2967,348,850,191,463,89,NA,NA
"417","36047046800","Census Tract 468, Kings County, New York",2122,387,2220,385,1975,397,245,113,1121,317,NA,NA
"418","36047048400","Census Tract 484, Kings County, New York",3853,531,5711,558,3784,549,1927,289,2148,445,NA,NA
"419","36047049500","Census Tract 495, Kings County, New York",1613,217,2654,254,2137,293,517,145,250,89,NA,NA
"420","36047053700","Census Tract 537, Kings County, New York",3580,348,3710,341,3482,356,228,86,1959,294,NA,NA
"421","36047054300","Census Tract 543, Kings County, New York",197,81,408,129,307,98,101,81,55,42,NA,NA
"422","36047055800","Census Tract 558, Kings County, New York",1692,238,2398,249,1248,213,1150,151,523,123,NA,NA
"423","36047062800","Census Tract 628, Kings County, New York",3776,443,4588,443,3961,437,627,192,924,171,NA,NA
"424","36047056500","Census Tract 565, Kings County, New York",2372,341,3081,356,2329,297,752,193,379,149,216600,136677
"425","36047056800","Census Tract 568, Kings County, New York",909,127,1548,171,926,176,622,137,290,125,NA,NA
"426","36047061002","Census Tract 610.02, Kings County, New York",4034,360,4091,367,1238,246,2853,295,696,186,NA,NA
"427","36047059200","Census Tract 592, Kings County, New York",2306,302,4229,515,1683,421,2546,324,731,180,NA,NA
"428","36047063600","Census Tract 636, Kings County, New York",1007,220,1464,134,985,139,479,160,317,53,NA,NA
"429","36047064800","Census Tract 648, Kings County, New York",1379,338,2191,254,1617,241,574,190,676,147,NA,NA
"430","36047065200","Census Tract 652, Kings County, New York",938,180,1121,170,971,149,150,103,164,83,NA,NA
"431","36047066200","Census Tract 662, Kings County, New York",1196,194,1663,174,1355,167,308,97,301,107,NA,NA
"432","36047067600","Census Tract 676, Kings County, New York",114,58,1797,344,898,205,899,208,324,178,NA,NA
"433","36047069800","Census Tract 698, Kings County, New York",947,169,1392,142,1032,151,360,114,298,61,NA,NA
"434","36047072000","Census Tract 720, Kings County, New York",137,113,2141,194,1083,171,1058,171,610,149,NA,NA
"435","36047073600","Census Tract 736, Kings County, New York",297,218,3478,440,1710,351,1768,228,808,271,NA,NA
"436","36047074200","Census Tract 742, Kings County, New York",1391,280,3359,309,2380,295,979,146,1040,225,NA,NA
"437","36047074600","Census Tract 746, Kings County, New York",1775,275,2637,256,1972,272,665,158,770,153,NA,NA
"438","36047076600","Census Tract 766, Kings County, New York",257,102,2294,219,1219,182,1075,177,493,112,NA,NA
"439","36047077000","Census Tract 770, Kings County, New York",251,100,3065,451,1961,343,1104,329,913,265,91200,75187
"440","36047078000","Census Tract 780, Kings County, New York",53,33,2210,282,1118,203,1092,180,359,106,NA,NA
"441","36047078400","Census Tract 784, Kings County, New York",108,89,2558,280,1331,167,1227,240,486,95,NA,NA
"442","36047114202","Census Tract 1142.02, Kings County, New York",89,41,3013,324,2236,284,777,209,693,174,54800,48654
"443","36047117601","Census Tract 1176.01, Kings County, New York",168,92,3231,310,1776,233,1455,299,935,189,NA,NA
"444","36047045300","Census Tract 453, Kings County, New York",742,127,2482,327,1880,269,602,178,265,84,NA,NA
"445","36047049900","Census Tract 499, Kings County, New York",1444,185,1827,213,1347,207,480,138,238,82,112300,104455
"446","36047048800","Census Tract 488, Kings County, New York",1971,303,3918,378,2462,345,1456,360,1045,206,NA,NA
"447","36047049100","Census Tract 491, Kings County, New York",1119,274,6594,607,3756,528,2838,510,1085,296,NA,NA
"448","36047049600","Census Tract 496, Kings County, New York",1509,257,4303,423,2617,306,1686,279,1062,213,157300,148449
"449","36047050400","Census Tract 504, Kings County, New York",2291,347,4534,429,3127,354,1407,287,986,251,NA,NA
"450","36047053300","Census Tract 533, Kings County, New York",6586,783,6766,783,5832,794,934,195,3212,588,NA,NA
"451","36047055300","Census Tract 553, Kings County, New York",1960,236,2953,270,2345,293,608,170,343,101,172100,147069
"452","36047056300","Census Tract 563, Kings County, New York",2972,537,5071,589,3706,557,1365,411,695,219,NA,NA
"453","36047059401","Census Tract 594.01, Kings County, New York",3952,564,7457,819,2571,447,4886,654,1122,346,NA,NA
"454","36047060000","Census Tract 600, Kings County, New York",5390,464,6700,568,2639,433,4061,536,1298,286,NA,NA
"455","36047060600","Census Tract 606, Kings County, New York",1922,251,2777,330,943,231,1834,263,420,113,NA,NA
"456","36047067400","Census Tract 674, Kings County, New York",300,143,1972,317,999,170,973,246,447,153,47900,46244
"457","36047068600","Census Tract 686, Kings County, New York",846,187,1776,224,1214,190,562,144,360,120,NA,NA
"458","36047032100","Census Tract 321, Kings County, New York",1209,266,5582,762,3485,622,2097,359,963,291,NA,NA
"459","36047032800","Census Tract 328, Kings County, New York",280,190,2593,232,1446,234,1147,171,571,151,NA,NA
"460","36047035100","Census Tract 351, Kings County, New York",907,301,4295,490,2379,433,1916,328,927,301,175700,108917
"461","36047073200","Census Tract 732, Kings County, New York",55,40,2355,242,1283,237,1072,138,509,136,NA,NA
"462","36047074000","Census Tract 740, Kings County, New York",383,172,3636,380,1562,285,2074,346,898,217,47100,43854
"463","36047074800","Census Tract 748, Kings County, New York",1372,322,1929,289,1609,288,320,85,681,226,NA,NA
"464","36047075400","Census Tract 754, Kings County, New York",1460,174,1466,175,1301,160,165,71,428,130,NA,NA
"465","36047076200","Census Tract 762, Kings County, New York",2607,462,4651,558,2318,407,2333,457,1231,309,69800,68756
"466","36047081800","Census Tract 818, Kings County, New York",448,169,4631,667,2376,426,2255,594,678,198,165500,93077
"467","36047082200","Census Tract 822, Kings County, New York",614,308,7485,866,3771,615,3714,778,1646,438,430900,197314
"468","36047083000","Census Tract 830, Kings County, New York",91,108,6184,917,2251,562,3933,794,1576,557,118900,111452
"469","36047083400","Census Tract 834, Kings County, New York",0,12,1554,218,723,171,831,134,309,92,NA,NA
"470","36047052800","Census Tract 528, Kings County, New York",1085,169,1814,165,1248,141,566,109,391,99,78800,68538
"471","36047055000","Census Tract 550, Kings County, New York",2451,370,3330,295,1437,288,1893,277,702,180,NA,NA
"472","36047058900","Census Tract 589, Kings County, New York",1309,148,1690,154,1266,161,424,95,190,44,108300,91148
"473","36047062600","Census Tract 626, Kings County, New York",1184,189,2739,297,1405,225,1334,274,511,127,NA,NA
"474","36047026300","Census Tract 263, Kings County, New York",396,114,1844,239,1470,231,374,101,323,99,68300,65564
"475","36047027900","Census Tract 279, Kings County, New York",504,151,3668,448,2976,391,692,216,619,178,177200,114792
"476","36047028600","Census Tract 286, Kings County, New York",2375,495,4956,443,2110,398,2846,361,1214,288,NA,NA
"477","36047061200","Census Tract 612, Kings County, New York",993,171,1029,161,537,147,492,112,179,76,NA,NA
"478","36047044500","Census Tract 445, Kings County, New York",1039,231,4796,473,2677,310,2119,417,1033,292,88200,90665
"479","36047047200","Census Tract 472, Kings County, New York",2532,404,2579,400,2147,404,432,97,1158,293,NA,NA
"480","36047054400","Census Tract 544, Kings County, New York",2622,475,3764,508,1931,394,1833,403,789,265,NA,NA
"481","36047068200","Census Tract 682, Kings County, New York",684,187,3112,434,1883,294,1229,331,702,158,NA,NA
"482","36047080600","Census Tract 806, Kings County, New York",1362,325,3743,399,2220,294,1523,297,1049,251,NA,NA
"483","36047085400","Census Tract 854, Kings County, New York",51,37,1998,285,998,214,1000,211,480,149,22900,22169
"484","36047091000","Census Tract 910, Kings County, New York",0,12,4250,589,3481,662,769,276,831,352,75800,80489
"485","36047017000","Census Tract 170, Kings County, New York",1399,314,3578,417,2004,320,1574,313,795,220,78700,72522
"486","36047057100","Census Tract 571, Kings County, New York",3369,450,3873,438,2709,409,1164,272,301,112,354500,226029
"487","36047070000","Census Tract 700, Kings County, New York",1456,208,1616,206,1193,204,423,135,344,115,NA,NA
"488","36047075800","Census Tract 758, Kings County, New York",1546,183,1633,182,1118,176,515,100,282,71,NA,NA
"489","36047086400","Census Tract 864, Kings County, New York",11,17,2284,302,1020,215,1264,206,448,139,NA,NA
"490","36047086600","Census Tract 866, Kings County, New York",12,19,3079,458,1503,335,1576,264,701,234,NA,NA
"491","36047087600","Census Tract 876, Kings County, New York",242,102,1593,178,996,162,597,137,218,83,NA,NA
"492","36047001300","Census Tract 13, Kings County, New York",1272,227,2217,248,1773,229,444,82,252,75,NA,NA
"493","36047002000","Census Tract 20, Kings County, New York",32,37,1396,269,908,264,488,201,302,128,53700,44001
"494","36047003600","Census Tract 36, Kings County, New York",2336,295,3775,319,2254,281,1521,210,590,133,NA,NA
"495","36047003900","Census Tract 39, Kings County, New York",1339,210,2364,203,1846,208,518,137,437,119,NA,NA
"496","36047007500","Census Tract 75, Kings County, New York",3792,542,4925,481,3996,481,929,254,981,285,NA,NA
"497","36047007600","Census Tract 76, Kings County, New York",770,248,5146,682,2536,359,2610,496,1243,280,145700,114059
"498","36047008400","Census Tract 84, Kings County, New York",701,225,3879,504,2327,433,1552,323,923,336,NA,NA
"499","36047099800","Census Tract 998, Kings County, New York",264,194,3537,473,1526,321,2011,307,712,273,NA,NA
"500","36047102200","Census Tract 1022, Kings County, New York",135,57,2217,278,1020,183,1197,275,600,154,34300,30241
"501","36047084000","Census Tract 840, Kings County, New York",69,65,2469,272,1112,250,1357,163,522,135,NA,NA
"502","36047014700","Census Tract 147, Kings County, New York",1267,174,2473,231,1947,216,526,124,588,116,45100,47949
"503","36047021300","Census Tract 213, Kings County, New York",865,185,4279,417,2859,332,1420,308,777,235,NA,NA
"504","36047024600","Census Tract 246, Kings County, New York",1681,252,2942,309,1843,275,1099,192,849,199,NA,NA
"505","36047030100","Census Tract 301, Kings County, New York",160,105,2924,375,1983,348,941,270,653,197,NA,NA
"506","36047033000","Census Tract 330, Kings County, New York",907,200,5267,528,3746,528,1521,301,1288,241,NA,NA
"507","36047021200","Census Tract 212, Kings County, New York",972,259,4525,504,1493,314,3032,489,876,271,78300,75312
"508","36047038100","Census Tract 381, Kings County, New York",468,186,5342,390,4606,384,736,207,1360,239,NA,NA
"509","36047040400","Census Tract 404, Kings County, New York",1024,192,2391,213,1047,154,1344,187,416,103,NA,NA
"510","36047027600","Census Tract 276, Kings County, New York",1057,265,3804,708,1203,269,2601,622,730,229,NA,NA
"511","36047038600","Census Tract 386, Kings County, New York",1102,217,3498,448,1733,259,1765,346,785,188,NA,NA
"512","36047043000","Census Tract 430, Kings County, New York",1447,191,3492,447,1109,219,2383,372,785,215,NA,NA
"513","36047048600","Census Tract 486, Kings County, New York",986,281,3292,295,1515,274,1777,226,995,224,NA,NA
"514","36047102800","Census Tract 1028, Kings County, New York",38,31,1691,245,798,124,893,217,309,79,NA,NA
"515","36047111000","Census Tract 1110, Kings County, New York",110,112,3330,307,2973,327,357,156,854,231,17900,16666
"516","36047112200","Census Tract 1122, Kings County, New York",0,12,3428,438,2000,373,1428,323,878,292,172800,98991
"517","36047112600","Census Tract 1126, Kings County, New York",46,45,3395,448,2092,407,1303,346,663,197,NA,NA
"518","36047114600","Census Tract 1146, Kings County, New York",76,70,3066,376,1682,253,1384,307,745,193,NA,NA
"519","36047115200","Census Tract 1152, Kings County, New York",133,94,3080,348,2101,294,979,244,914,207,48000,54902
"520","36047026600","Census Tract 266, Kings County, New York",866,288,3501,402,1311,223,2190,357,712,164,NA,NA
"521","36047026800","Census Tract 268, Kings County, New York",1621,204,3842,433,1806,373,2036,258,782,222,NA,NA
"522","36047028000","Census Tract 280, Kings County, New York",760,121,1805,188,718,117,1087,146,335,95,44700,28548
"523","36047029400","Census Tract 294, Kings County, New York",1256,276,2588,359,1488,367,1100,174,457,106,NA,NA
"524","36047033300","Census Tract 333, Kings County, New York",3265,568,4609,591,3582,576,1027,306,1740,379,NA,NA
"525","36047036002","Census Tract 360.02, Kings County, New York",3537,410,4341,534,1007,615,3334,474,769,408,NA,NA
"526","36047038300","Census Tract 383, Kings County, New York",453,161,4592,515,3664,489,928,247,1032,323,80700,80348
"527","36047038500","Census Tract 385, Kings County, New York",526,205,3788,571,3216,484,572,200,621,219,166900,123923
"528","36047082000","Census Tract 820, Kings County, New York",227,91,5193,572,2593,492,2600,329,1336,322,228700,111835
"529","36047039000","Census Tract 390, Kings County, New York",2045,320,2261,312,1309,234,952,145,749,206,NA,NA
"530","36047041100","Census Tract 411, Kings County, New York",441,159,3041,482,1917,396,1124,419,531,187,90400,77077
"531","36047042000","Census Tract 420, Kings County, New York",1489,175,1640,189,1186,178,454,92,519,135,NA,NA
"532","36047070203","Census Tract 702.03, Kings County, New York",0,12,0,12,0,12,0,12,0,12,NA,NA
"533","36047070600","Census Tract 706, Kings County, New York",2593,379,3104,407,2417,395,687,177,857,256,NA,NA
"534","36047080000","Census Tract 800, Kings County, New York",827,246,3907,464,2631,460,1276,241,734,234,143200,128806
"535","36047084800","Census Tract 848, Kings County, New York",2,3,1733,204,837,151,896,141,345,118,NA,NA
"536","36047086000","Census Tract 860, Kings County, New York",11,16,3485,420,1648,388,1837,273,812,220,NA,NA
"537","36047087200","Census Tract 872, Kings County, New York",139,103,3045,376,1781,329,1264,216,648,192,NA,NA
"538","36047089200","Census Tract 892, Kings County, New York",42,32,3042,388,1762,367,1280,233,445,175,96900,79051
"539","36047092800","Census Tract 928, Kings County, New York",62,68,3140,391,1364,362,1776,299,545,220,NA,NA
"540","36047093600","Census Tract 936, Kings County, New York",0,12,1728,234,831,183,897,151,343,125,NA,NA
"541","36047095800","Census Tract 958, Kings County, New York",182,133,3670,503,1764,411,1906,295,653,206,NA,NA
"542","36047097400","Census Tract 974, Kings County, New York",217,129,2873,350,1695,303,1178,221,531,118,NA,NA
"543","36047099000","Census Tract 990, Kings County, New York",176,177,1740,268,960,205,780,179,554,159,70600,64534
"544","36047109800","Census Tract 1098, Kings County, New York",102,100,2331,475,1594,373,737,239,571,201,51400,47041
"545","36047115000","Census Tract 1150, Kings County, New York",26,35,2812,477,1930,402,882,224,828,286,49000,53000
"546","36047120000","Census Tract 1200, Kings County, New York",68,47,2775,297,1667,290,1108,222,816,186,NA,NA
"547","36047016100","Census Tract 161, Kings County, New York",2047,240,3235,286,2661,277,574,162,530,110,122300,115073
"548","36047016400","Census Tract 164, Kings County, New York",337,247,1069,461,783,388,286,158,380,184,NA,NA
"549","36047016800","Census Tract 168, Kings County, New York",1027,191,1734,261,1074,187,660,179,358,138,NA,NA
"550","36047039400","Census Tract 394, Kings County, New York",1927,318,2408,358,1580,340,828,185,853,240,NA,NA
"551","36047031701","Census Tract 317.01, Kings County, New York",987,252,3401,421,2460,390,941,200,574,212,216100,129751
"552","36047028502","Census Tract 285.02, Kings County, New York",5,16,3131,285,2530,371,601,322,811,195,NA,NA
"553","36047029800","Census Tract 298, Kings County, New York",1547,344,3707,406,1901,347,1806,241,884,201,NA,NA
"554","36047030000","Census Tract 300, Kings County, New York",1160,295,4196,488,1729,376,2467,361,905,239,NA,NA
"555","36047032300","Census Tract 323, Kings County, New York",786,189,3641,308,2255,297,1386,312,633,147,NA,NA
"556","36047032500","Census Tract 325, Kings County, New York",456,172,6685,558,3572,537,3113,607,1144,288,174500,155095
"557","36047032900","Census Tract 329, Kings County, New York",2330,628,6224,568,4011,638,2213,397,1828,420,NA,NA
"558","36047033900","Census Tract 339, Kings County, New York",866,269,4711,441,2868,432,1843,324,976,286,127200,91047
"559","36047034500","Census Tract 345, Kings County, New York",299,99,3085,427,1759,334,1326,384,497,189,NA,NA
"560","36047067800","Census Tract 678, Kings County, New York",301,101,2681,305,1404,233,1277,176,475,121,NA,NA
"561","36047070202","Census Tract 702.02, Kings County, New York",24,18,24,18,16,20,8,11,0,12,NA,NA
"562","36047072600","Census Tract 726, Kings County, New York",59,47,2251,293,1025,230,1226,197,401,186,NA,NA
"563","36047073800","Census Tract 738, Kings County, New York",1394,448,4203,519,2559,526,1644,340,1417,423,71300,52255
"564","36047077600","Census Tract 776, Kings County, New York",167,80,3723,366,2028,295,1695,263,562,202,142200,92868
"565","36047080200","Census Tract 802, Kings County, New York",610,216,4859,480,2851,408,2008,278,829,235,NA,NA
"566","36047081000","Census Tract 810, Kings County, New York",459,252,2399,378,1540,363,859,203,628,200,68600,58313
"567","36047081400","Census Tract 814, Kings County, New York",48,45,2792,336,1226,235,1566,197,606,189,NA,NA
"568","36047085200","Census Tract 852, Kings County, New York",0,12,0,12,0,12,0,12,0,12,NA,NA
"569","36047000100","Census Tract 1, Kings County, New York",2835,469,4473,474,3847,464,626,248,615,242,NA,NA
"570","36047000301","Census Tract 3.01, Kings County, New York",3423,397,4209,474,3805,439,404,151,722,178,NA,NA
"571","36047004900","Census Tract 49, Kings County, New York",1631,259,2718,292,2255,263,463,157,453,106,NA,NA
"572","36047005000","Census Tract 50, Kings County, New York",1673,238,2320,266,1700,215,620,156,545,123,164300,132150
"573","36047006000","Census Tract 60, Kings County, New York",1704,330,3054,350,1992,246,1062,285,767,162,157400,122994
"574","36047006700","Census Tract 67, Kings County, New York",3135,305,3894,324,3387,310,507,133,766,129,NA,NA
"575","36047011400","Census Tract 114, Kings County, New York",1934,647,4177,629,2308,576,1869,333,1164,454,152700,121459
"576","36047011800","Census Tract 118, Kings County, New York",85,53,1967,257,630,138,1337,207,453,111,NA,NA
"577","36047012700","Census Tract 127, Kings County, New York",1353,206,4800,770,4226,743,574,207,930,193,50000,55835
"578","36047013300","Census Tract 133, Kings County, New York",2992,307,4408,314,3592,302,816,173,1029,165,211300,166657
"579","36047015500","Census Tract 155, Kings County, New York",2970,319,4028,348,3527,339,501,148,942,192,NA,NA
"580","36047017100","Census Tract 171, Kings County, New York",3223,359,4206,328,3473,332,733,216,1037,166,NA,NA
"581","36047017400","Census Tract 174, Kings County, New York",1198,191,2184,215,1226,141,958,180,569,111,NA,NA
"582","36047018300","Census Tract 183, Kings County, New York",1818,248,2721,250,2302,230,419,118,481,94,138100,122517
"583","36047022000","Census Tract 220, Kings County, New York",3850,758,4381,744,3548,662,833,238,1905,485,NA,NA
"584","36047034700","Census Tract 347, Kings County, New York",56,52,3740,608,2605,477,1135,360,879,294,119800,105561
"585","36047009000","Census Tract 90, Kings County, New York",337,122,2872,307,1246,184,1626,249,753,140,49700,44742
"586","36047008200","Census Tract 82, Kings County, New York",482,162,3942,285,2635,325,1307,294,903,172,NA,NA
"587","36047008500","Census Tract 85, Kings County, New York",105,93,7555,603,6228,574,1327,302,2156,402,NA,NA
"588","36047008600","Census Tract 86, Kings County, New York",0,12,0,12,0,12,0,12,0,12,NA,NA
"589","36047011600","Census Tract 116, Kings County, New York",457,144,3414,568,1337,317,2077,416,877,260,NA,NA
"590","36047011700","Census Tract 117, Kings County, New York",1481,322,2608,275,2194,302,414,133,395,126,47300,57835
"591","36047012200","Census Tract 122, Kings County, New York",558,317,5756,834,2298,466,3458,623,1422,379,NA,NA
"592","36047012901","Census Tract 129.01, Kings County, New York",1675,242,2641,356,2184,357,457,139,413,131,NA,NA
"593","36047013900","Census Tract 139, Kings County, New York",2234,306,3420,257,2914,243,506,119,581,103,NA,NA
"594","36047014500","Census Tract 145, Kings County, New York",2089,235,3848,389,2932,295,916,257,517,122,117000,84909
"595","36047014800","Census Tract 148, Kings County, New York",1094,187,1320,175,984,183,336,81,287,93,NA,NA
"596","36047016200","Census Tract 162, Kings County, New York",1597,220,2204,212,1529,241,675,194,302,73,91600,80111
"597","36047029200","Census Tract 292, Kings County, New York",1198,241,2787,267,1012,197,1775,229,698,167,NA,NA
"598","36047029600","Census Tract 296, Kings County, New York",2710,595,5898,732,2409,602,3489,484,1407,464,NA,NA
"599","36047030400","Census Tract 304, Kings County, New York",1777,283,4106,345,1571,328,2535,299,764,174,NA,NA
"600","36047030600","Census Tract 306, Kings County, New York",664,179,1702,188,872,161,830,135,331,91,NA,NA
"601","36047031900","Census Tract 319, Kings County, New York",1211,494,3128,476,2282,451,846,181,720,351,NA,NA
"602","36047034900","Census Tract 349, Kings County, New York",562,222,6113,532,3613,477,2500,347,1606,296,NA,NA
"603","36047032600","Census Tract 326, Kings County, New York",1136,471,7507,725,5619,684,1888,489,2600,579,NA,NA
"604","36047033700","Census Tract 337, Kings County, New York",1601,442,3920,407,2640,334,1280,278,1043,221,72400,68070
"605","36047034200","Census Tract 342, Kings County, New York",2045,458,6270,656,4260,674,2010,370,1475,339,NA,NA
"606","36047041900","Census Tract 419, Kings County, New York",600,247,3614,408,2758,382,856,251,843,209,68100,73997
"607","36047042900","Census Tract 429, Kings County, New York",1297,242,5326,494,3181,392,2145,428,1139,249,250600,123472
"608","36047043300","Census Tract 433, Kings County, New York",283,126,4014,496,2811,413,1203,352,1037,231,NA,NA
"609","36047049300","Census Tract 493, Kings County, New York",1581,376,7471,683,6135,746,1336,384,1609,335,195000,184891
"610","36047049400","Census Tract 494, Kings County, New York",2756,332,5607,608,3327,477,2280,342,1276,295,NA,NA
"611","36047049800","Census Tract 498, Kings County, New York",1758,236,4268,357,2638,318,1630,251,960,132,65700,60139
"612","36047050700","Census Tract 507, Kings County, New York",2109,274,2867,250,2529,251,338,69,1603,217,NA,NA
"613","36047050900","Census Tract 509, Kings County, New York",4425,503,5024,449,4653,450,371,159,3269,370,NA,NA
"614","36047051200","Census Tract 512, Kings County, New York",1213,348,6103,597,4063,525,2040,327,1624,422,202700,153850
"615","36047051300","Census Tract 513, Kings County, New York",2531,410,5406,508,3735,449,1671,386,656,157,215700,215891
"616","36047052300","Census Tract 523, Kings County, New York",1970,461,5204,628,3687,577,1517,391,832,327,NA,NA
"617","36047053100","Census Tract 531, Kings County, New York",8599,1034,9155,958,8604,921,551,177,5398,842,NA,NA
"618","36047053400","Census Tract 534, Kings County, New York",2878,431,4577,539,2653,483,1924,331,1632,351,NA,NA
"619","36047053900","Census Tract 539, Kings County, New York",2059,206,2513,190,2003,221,510,116,968,135,NA,NA
"620","36047054500","Census Tract 545, Kings County, New York",5554,817,8529,765,7656,813,873,297,3701,619,NA,NA
"621","36047056600","Census Tract 566, Kings County, New York",1227,211,2876,274,1538,158,1338,256,643,112,NA,NA
"622","36047057600","Census Tract 576, Kings County, New York",1352,210,3045,250,1286,196,1759,199,585,140,15400,13378
"623","36047058000","Census Tract 580, Kings County, New York",1687,400,4129,463,1994,355,2135,369,886,250,NA,NA
"624","36047059402","Census Tract 594.02, Kings County, New York",3706,350,5309,486,2188,295,3121,466,956,211,NA,NA
"625","36047059600","Census Tract 596, Kings County, New York",1847,220,2309,300,1038,317,1271,185,211,97,NA,NA
"626","36047062200","Census Tract 622, Kings County, New York",2160,394,2842,424,1457,333,1385,271,371,147,NA,NA
"627","36047063800","Census Tract 638, Kings County, New York",1252,166,1966,192,1309,162,657,127,448,118,NA,NA
"628","36047035000","Census Tract 350, Kings County, New York",2906,266,3017,267,733,227,2284,201,259,138,NA,NA
"629","36047066600","Census Tract 666, Kings County, New York",0,12,0,12,0,12,0,12,0,12,NA,NA
"630","36047037700","Census Tract 377, Kings County, New York",427,188,4482,414,3759,407,723,223,870,214,92900,76016
"631","36047039600","Census Tract 396, Kings County, New York",1617,252,2038,304,1481,326,557,149,600,245,NA,NA
"632","36047040800","Census Tract 408, Kings County, New York",920,263,3548,522,1641,268,1907,427,794,206,NA,NA
"633","36047019200","Census Tract 192, Kings County, New York",1205,358,3076,326,1798,355,1278,214,976,234,NA,NA
"634","36047019400","Census Tract 194, Kings County, New York",925,247,3889,397,1452,251,2437,304,755,201,NA,NA
"635","36047020400","Census Tract 204, Kings County, New York",1443,239,2111,226,1398,185,713,210,389,103,NA,NA
"636","36047020700","Census Tract 207, Kings County, New York",2502,326,4521,410,3665,415,856,281,754,187,NA,NA
"637","36047022800","Census Tract 228, Kings County, New York",2445,432,3687,450,2736,442,951,185,1460,299,80700,58644
"638","36047113400","Census Tract 1134, Kings County, New York",30,36,3219,413,2632,421,587,169,883,197,43000,35671
"639","36047115600","Census Tract 1156, Kings County, New York",0,12,3835,446,2961,441,874,257,1126,307,NA,NA
"640","36047117800","Census Tract 1178, Kings County, New York",29,23,1928,314,1140,210,788,182,495,113,58700,44221
"641","36047087800","Census Tract 878, Kings County, New York",27,40,2524,288,1192,220,1332,195,367,129,NA,NA
"642","36047088200","Census Tract 882, Kings County, New York",78,72,6365,781,3476,575,2889,606,1466,274,NA,NA
"643","36047089000","Census Tract 890, Kings County, New York",45,40,5587,760,2659,541,2928,611,860,279,122700,101994
"644","36047089400","Census Tract 894, Kings County, New York",126,169,3082,442,2014,425,1068,314,976,250,NA,NA
"645","36047093000","Census Tract 930, Kings County, New York",19,21,3030,346,1407,256,1623,215,567,153,77800,47839
"646","36047096200","Census Tract 962, Kings County, New York",101,50,1864,271,1114,211,750,162,527,118,NA,NA
"647","36047098400","Census Tract 984, Kings County, New York",87,74,2086,243,1122,223,964,162,428,138,NA,NA
"648","36047041401","Census Tract 414.01, Kings County, New York",1186,319,1612,345,918,295,694,218,520,204,NA,NA
"649","36047041500","Census Tract 415, Kings County, New York",472,209,4192,540,3185,489,1007,203,1141,289,112400,85424
"650","36047041800","Census Tract 418, Kings County, New York",1941,355,2622,309,1595,245,1027,161,923,225,93000,56209
"651","36047043100","Census Tract 431, Kings County, New York",1278,219,4936,510,3329,375,1607,360,1129,263,114500,94650
"652","36047043800","Census Tract 438, Kings County, New York",2073,268,2716,238,1603,239,1113,155,757,175,NA,NA
"653","36047047400","Census Tract 474, Kings County, New York",2479,320,2513,317,2004,361,509,148,1005,199,NA,NA
"654","36047047700","Census Tract 477, Kings County, New York",2799,337,3761,361,3138,376,623,151,406,127,228900,167971
"655","36047048200","Census Tract 482, Kings County, New York",2316,390,5314,468,1936,326,3378,466,1165,249,NA,NA
"656","36047048900","Census Tract 489, Kings County, New York",49,55,3506,355,3077,346,429,180,840,223,NA,NA
"657","36047049000","Census Tract 490, Kings County, New York",2589,587,5373,689,2635,581,2738,507,1410,417,NA,NA
"658","36047049700","Census Tract 497, Kings County, New York",1866,231,2882,268,2217,275,665,162,213,83,NA,NA
"659","36047050100","Census Tract 501, Kings County, New York",2127,292,3174,311,2664,331,510,156,331,112,NA,NA
"660","36047051400","Census Tract 514, Kings County, New York",1195,238,7942,668,4957,610,2985,413,2434,487,NA,NA
"661","36047078800","Census Tract 788, Kings County, New York",11,17,3198,307,1662,276,1536,225,877,203,NA,NA
"662","36047035200","Census Tract 352, Kings County, New York",660,192,1114,226,548,148,566,164,38,34,NA,NA
"663","36047036501","Census Tract 365.01, Kings County, New York",0,12,3254,456,2397,481,857,278,878,206,76900,63108
"664","36047039200","Census Tract 392, Kings County, New York",2542,337,3026,331,1614,309,1412,294,808,172,NA,NA
"665","36047036700","Census Tract 367, Kings County, New York",64,40,1333,187,845,195,488,97,262,77,NA,NA
"666","36047037000","Census Tract 370, Kings County, New York",2667,383,4322,443,1816,325,2506,282,918,240,NA,NA
"667","36047038700","Census Tract 387, Kings County, New York",772,239,3991,513,3171,533,820,210,798,252,148200,106347
"668","36047009600","Census Tract 96, Kings County, New York",1006,229,6218,650,2977,506,3241,442,1474,353,NA,NA
"669","36047010200","Census Tract 102, Kings County, New York",225,84,5142,638,1990,351,3152,472,1415,325,NA,NA
"670","36047011000","Census Tract 110, Kings County, New York",880,286,2445,375,1501,345,944,222,876,253,73800,53601
"671","36047013400","Census Tract 134, Kings County, New York",2521,333,3976,369,2771,343,1205,196,667,162,NA,NA
"672","36047013600","Census Tract 136, Kings County, New York",2774,482,3888,405,2797,358,1091,277,851,183,140600,95989
"673","36047014900","Census Tract 149, Kings County, New York",3743,460,5888,612,4973,535,915,304,1383,217,NA,NA
"674","36047015000","Census Tract 150, Kings County, New York",1138,173,1567,146,1067,147,500,115,265,56,NA,NA
"675","36047015300","Census Tract 153, Kings County, New York",1821,209,2678,285,2215,236,463,133,469,98,NA,NA
"676","36047016300","Census Tract 163, Kings County, New York",2177,368,3194,375,2654,321,540,177,473,137,NA,NA
"677","36047018400","Census Tract 184, Kings County, New York",1173,169,2769,242,1590,198,1179,172,636,115,NA,NA
"678","36047018700","Census Tract 187, Kings County, New York",616,132,1623,214,1218,196,405,105,339,128,NA,NA
"679","36047019000","Census Tract 190, Kings County, New York",1270,288,4635,485,2162,357,2473,399,941,230,91700,67210
"680","36047019500","Census Tract 195, Kings County, New York",1842,291,3787,264,3154,344,633,223,441,120,83900,65206
"681","36047019900","Census Tract 199, Kings County, New York",1796,290,3504,378,2912,396,592,148,588,175,NA,NA
"682","36047000900","Census Tract 9, Kings County, New York",3021,319,4487,369,3700,334,787,202,621,165,NA,NA
"683","36047002200","Census Tract 22, Kings County, New York",776,193,4812,520,2311,336,2501,343,939,234,NA,NA
"684","36047003700","Census Tract 37, Kings County, New York",1095,148,1681,163,1249,156,432,111,229,71,157600,111061
"685","36047004600","Census Tract 46, Kings County, New York",999,157,1306,146,1049,133,257,75,309,62,NA,NA
"686","36047004700","Census Tract 47, Kings County, New York",1055,126,1903,206,1507,206,396,78,532,130,NA,NA
"687","36047006600","Census Tract 66, Kings County, New York",2219,326,3645,424,2312,303,1333,317,683,217,71800,66863
"688","36047007400","Census Tract 74, Kings County, New York",460,229,5280,612,2439,428,2841,403,1544,334,110900,78856
"689","36047007800","Census Tract 78, Kings County, New York",519,223,5240,681,3020,502,2220,382,1216,326,NA,NA
"690","36047011200","Census Tract 112, Kings County, New York",2811,604,6267,530,3595,551,2672,435,2093,380,67700,69085
"691","36047012000","Census Tract 120, Kings County, New York",45,35,1107,171,392,102,715,130,243,52,NA,NA
"692","36047002100","Census Tract 21, Kings County, New York",3751,351,5143,348,4116,335,1027,248,1146,138,NA,NA
"693","36047003000","Census Tract 30, Kings County, New York",924,217,1635,220,1112,205,523,129,391,132,NA,NA
"694","36047003300","Census Tract 33, Kings County, New York",1856,291,3705,366,2878,392,827,210,551,121,292500,255047
"695","36047087000","Census Tract 870, Kings County, New York",155,169,3205,434,1498,357,1707,302,759,195,NA,NA
"696","36047080400","Census Tract 804, Kings County, New York",333,112,3283,409,1894,315,1389,318,544,173,NA,NA
"697","36047082600","Census Tract 826, Kings County, New York",403,507,5311,619,2690,443,2621,410,1099,359,105700,73607
"698","36047085600","Census Tract 856, Kings County, New York",102,67,3338,419,1336,416,2002,332,472,181,NA,NA
"699","36047088600","Census Tract 886, Kings County, New York",62,52,4286,498,1905,375,2381,401,850,325,NA,NA
"700","36047088800","Census Tract 888, Kings County, New York",8,13,4157,406,1956,384,2201,312,855,237,NA,NA
"701","36047091200","Census Tract 912, Kings County, New York",0,17,5587,742,4722,649,865,432,1536,426,62800,52537
"702","36047095000","Census Tract 950, Kings County, New York",233,110,2870,295,1495,265,1375,218,516,139,NA,NA
"703","36047056000","Census Tract 560, Kings County, New York",2971,362,3518,258,1783,303,1735,293,743,145,NA,NA
"704","36047055100","Census Tract 551, Kings County, New York",1994,401,5269,565,4118,525,1151,329,1027,305,101800,105557
"705","36047055400","Census Tract 554, Kings County, New York",3093,412,4444,456,1690,377,2754,320,1099,276,84600,76360
"706","36047056200","Census Tract 562, Kings County, New York",1495,222,1713,224,1213,209,500,120,409,117,NA,NA
"707","36047057400","Census Tract 574, Kings County, New York",1306,268,2907,314,1429,248,1478,237,582,166,NA,NA
"708","36047057800","Census Tract 578, Kings County, New York",1659,244,3391,405,1451,246,1940,310,701,182,NA,NA
"709","36047059000","Census Tract 590, Kings County, New York",875,177,1979,204,831,143,1148,157,422,118,NA,NA
"710","36047061600","Census Tract 616, Kings County, New York",1318,308,1465,275,777,207,688,188,192,76,NA,NA
"711","36047065600","Census Tract 656, Kings County, New York",1204,217,1774,153,1450,193,324,115,462,95,NA,NA
"712","36047067200","Census Tract 672, Kings County, New York",182,131,1685,263,850,180,835,189,400,136,NA,NA
"713","36047070201","Census Tract 702.01, Kings County, New York",5076,594,6073,764,4206,754,1867,378,1313,315,NA,NA
"714","36047073000","Census Tract 730, Kings County, New York",106,50,2302,244,1211,229,1091,170,417,133,NA,NA
"715","36047029900","Census Tract 299, Kings County, New York",111,63,2968,358,2152,319,816,199,769,211,55300,46373
"716","36047022100","Census Tract 221, Kings County, New York",1297,324,3991,416,3135,422,856,176,397,156,67700,62841
"717","36047022400","Census Tract 224, Kings County, New York",3976,630,5792,679,4382,679,1410,444,2715,487,NA,NA
"718","36047023100","Census Tract 231, Kings County, New York",1506,238,3607,332,2973,323,634,158,430,85,NA,NA
"719","36047023600","Census Tract 236, Kings County, New York",5579,620,6000,615,5041,624,959,176,2858,452,NA,NA
"720","36047024700","Census Tract 247, Kings County, New York",442,158,2561,279,2011,274,550,173,533,139,50900,53917
"721","36047024900","Census Tract 249, Kings County, New York",1203,242,4306,472,2915,355,1391,380,573,256,87800,74025
"722","36047025600","Census Tract 256, Kings County, New York",720,296,3008,392,1212,242,1796,293,720,198,NA,NA
"723","36047027800","Census Tract 278, Kings County, New York",1256,247,3285,409,1221,280,2064,358,450,130,NA,NA
"724","36047028501","Census Tract 285.01, Kings County, New York",142,73,462,170,340,108,122,100,78,75,NA,NA
"725","36047028900","Census Tract 289, Kings County, New York",429,178,3870,538,2969,613,901,408,835,276,130800,87432
"726","36047029100","Census Tract 291, Kings County, New York",588,187,2927,404,2232,339,695,232,290,113,185000,109167
"727","36047044900","Census Tract 449, Kings County, New York",529,187,3237,627,2669,522,568,268,968,379,NA,NA
"728","36047046000","Census Tract 460, Kings County, New York",1660,296,3568,554,1766,336,1802,376,979,268,NA,NA
"729","36047048500","Census Tract 485, Kings County, New York",1378,168,2614,229,2056,238,558,133,152,74,NA,NA
"730","36047050801","Census Tract 508.01, Kings County, New York",439,163,4088,455,1908,307,2180,335,886,176,141800,104138
"731","36047050803","Census Tract 508.03, Kings County, New York",451,110,2383,327,1486,285,897,171,384,112,43500,47144
"732","36047050804","Census Tract 508.04, Kings County, New York",1040,434,6068,581,3865,436,2203,428,1061,224,367900,220718
"733","36047051001","Census Tract 510.01, Kings County, New York",395,125,4168,401,2256,342,1912,299,801,164,93000,75714
"734","36047051002","Census Tract 510.02, Kings County, New York",523,176,4608,346,2789,298,1819,241,1078,186,59700,46370
"735","36047051601","Census Tract 516.01, Kings County, New York",358,162,5201,577,3230,461,1971,381,989,322,182500,115775
"736","36047051602","Census Tract 516.02, Kings County, New York",327,131,4013,389,2022,359,1991,319,647,198,NA,NA
"737","36047056100","Census Tract 561, Kings County, New York",2562,322,3394,297,2611,313,783,191,380,85,78900,71217
"738","36047061003","Census Tract 610.03, Kings County, New York",557,155,1792,274,864,203,928,219,413,158,NA,NA
"739","36047061004","Census Tract 610.04, Kings County, New York",5599,595,6371,561,1340,288,5031,541,1153,295,NA,NA
"740","36047062000","Census Tract 620, Kings County, New York",1738,235,1817,232,949,169,868,171,321,117,NA,NA
"741","36047069601","Census Tract 696.01, Kings County, New York",1350,284,3704,447,2181,351,1523,256,764,201,97600,82149
"742","36047069602","Census Tract 696.02, Kings County, New York",3828,599,6168,630,3755,450,2413,475,1348,338,150200,151770
"743","36047076800","Census Tract 768, Kings County, New York",2542,317,3183,331,1914,318,1269,221,809,204,NA,NA
"744","36047079601","Census Tract 796.01, Kings County, New York",1070,243,4695,551,2399,361,2296,516,664,180,NA,NA
"745","36047079602","Census Tract 796.02, Kings County, New York",582,152,4650,545,2497,453,2153,335,1041,308,110100,68881
"746","36047079801","Census Tract 798.01, Kings County, New York",936,186,2784,305,2047,270,737,173,429,113,76900,73434
"747","36047079802","Census Tract 798.02, Kings County, New York",1309,305,5683,602,3100,397,2583,497,853,223,203500,159057
"748","36047080800","Census Tract 808, Kings County, New York",78,41,1117,228,693,171,424,156,85,35,NA,NA
"749","36047092400","Census Tract 924, Kings County, New York",5,11,2608,508,1651,318,957,363,685,195,49800,44182
"750","36047093200","Census Tract 932, Kings County, New York",23,37,1140,162,348,90,792,167,57,40,NA,NA
"751","36047094600","Census Tract 946, Kings County, New York",35,24,1849,228,992,191,857,140,375,127,NA,NA
"752","36047111600","Census Tract 1116, Kings County, New York",98,96,4078,562,2910,621,1168,293,1377,468,NA,NA
"753","36047105801","Census Tract 1058.01, Kings County, New York",1380,203,5768,452,3804,468,1964,239,1059,263,NA,NA
"754","36047105804","Census Tract 1058.04, Kings County, New York",1107,286,7188,741,5420,847,1768,378,1557,488,151000,163984
"755","36047110400","Census Tract 1104, Kings County, New York",55,47,4530,641,3164,526,1366,339,1190,344,77500,56501
"756","36047114400","Census Tract 1144, Kings County, New York",99,104,2394,437,1593,309,801,260,580,259,32600,32148
"757","36047119800","Census Tract 1198, Kings County, New York",166,151,3017,494,2143,404,874,321,798,243,96100,69454
"758","36047123700","Census Tract 1237, Kings County, New York",5475,834,6325,806,5807,832,518,211,3758,644,NA,NA
"759","36047150200","Census Tract 1502, Kings County, New York",2203,241,2811,260,2458,250,353,128,668,138,NA,NA
"760","36047152200","Census Tract 1522, Kings County, New York",1565,231,3737,356,2591,316,1146,226,948,184,NA,NA
"761","36047990100","Census Tract 9901, Kings County, New York",0,12,0,12,0,12,0,12,0,12,NA,NA
